state,district,date,income_mean,income_median,poverty_absolute,poverty_relative,gini
Johor,Batu Pahat,2019-01-01,7392,6504,2.9,9.0,0.295
Johor,Batu Pahat,2022-01-01,7419,6347,5.1,19.4,0.338
Johor,Batu Pahat,2024-01-01,9006,7555,2.4,11.6,0.316
Johor,Johor Bahru,2019-01-01,9315,7342,3.3,12.8,0.388
Johor,Johor Bahru,2022-01-01,9869,8232,3.7,10.4,0.359
Johor,Johor Bahru,2024-01-01,10975,8977,1.9,9.9,0.35
Johor,Kluang,2019-01-01,5953,4933,5.0,24.9,0.333
Johor,Kluang,2022-01-01,6461,5204,7.2,27.4,0.354
Johor,Kluang,2024-01-01,6616,6158,5.7,24.8,0.292
Johor,Kota Tinggi,2019-01-01,6982,5475,6.0,20.8,0.361
Johor,Kota Tinggi,2022-01-01,7529,6227,5.0,17.0,0.343
Johor,Kota Tinggi,2024-01-01,8106,6284,4.2,22.7,0.379
Johor,Kulai,2019-01-01,8602,7536,3.2,10.1,0.324
Johor,Kulai,2022-01-01,9177,7460,0.4,7.4,0.337
Johor,Kulai,2024-01-01,10296,8406,0.1,6.3,0.319
Johor,Mersing,2019-01-01,4937,3896,12.1,41.2,0.377
Johor,Mersing,2022-01-01,5426,4445,12.7,33.1,0.339
Johor,Mersing,2024-01-01,6014,5335,6.7,25.0,0.263
Johor,Muar,2019-01-01,7540,5963,4.1,14.8,0.353
Johor,Muar,2022-01-01,7572,5724,6.1,23.5,0.394
Johor,Muar,2024-01-01,8401,7334,2.1,16.1,0.306
Johor,Pontian,2019-01-01,6776,5585,5.8,23.0,0.354
Johor,Pontian,2022-01-01,6913,5616,5.1,21.1,0.361
Johor,Pontian,2024-01-01,7011,5685,2.0,25.7,0.341
Johor,Segamat,2019-01-01,6431,5595,2.9,20.5,0.315
Johor,Segamat,2022-01-01,6578,5318,7.4,23.3,0.34
Johor,Segamat,2024-01-01,7348,6451,3.1,16.8,0.292
Johor,Tangkak,2019-01-01,6659,5561,3.7,16.7,0.322
Johor,Tangkak,2022-01-01,7093,5622,6.9,28.2,0.371
Johor,Tangkak,2024-01-01,7524,6374,4.0,19.2,0.306
Kedah,Baling,2019-01-01,4313,3583,17.9,23.9,0.339
Kedah,Baling,2022-01-01,4263,3400,14.4,19.7,0.347
Kedah,Baling,2024-01-01,4345,3367,14.7,24.0,0.324
Kedah,Bandar Baharu,2019-01-01,4959,4022,7.2,12.6,0.324
Kedah,Bandar Baharu,2022-01-01,4565,3922,3.9,14.5,0.291
Kedah,Bandar Baharu,2024-01-01,4835,4310,5.8,20.5,0.339
Kedah,Kota Setar,2019-01-01,5773,4532,6.4,8.1,0.352
Kedah,Kota Setar,2022-01-01,5959,4751,5.1,9.5,0.348
Kedah,Kota Setar,2024-01-01,6034,5208,5.5,10.4,0.328
Kedah,Kuala Muda,2019-01-01,5656,4247,10.9,13.7,0.384
Kedah,Kuala Muda,2022-01-01,5624,4200,13.8,15.7,0.404
Kedah,Kuala Muda,2024-01-01,5729,4953,11.8,16.5,0.333
Kedah,Kubang Pasu,2019-01-01,6291,4814,4.8,5.5,0.361
Kedah,Kubang Pasu,2022-01-01,6221,5201,3.3,6.1,0.325
Kedah,Kubang Pasu,2024-01-01,6313,5312,4.0,6.4,0.317
Kedah,Kulim,2019-01-01,5476,4489,9.9,10.5,0.331
Kedah,Kulim,2022-01-01,5636,4498,11.4,11.3,0.358
Kedah,Kulim,2024-01-01,6395,5236,8.5,13.3,0.349
Kedah,Langkawi,2019-01-01,6737,5905,0.9,1.3,0.276
Kedah,Langkawi,2022-01-01,6087,5250,5.7,5.5,0.302
Kedah,Langkawi,2024-01-01,6278,5083,6.0,8.3,0.335
Kedah,Padang Terap,2019-01-01,4781,3722,9.1,5.3,0.307
Kedah,Padang Terap,2022-01-01,4858,3902,8.9,11.3,0.323
Kedah,Padang Terap,2024-01-01,5062,3954,8.0,8.0,0.292
Kedah,Pendang,2019-01-01,4680,3765,8.1,9.5,0.312
Kedah,Pendang,2022-01-01,4986,3801,7.3,12.5,0.349
Kedah,Pendang,2024-01-01,5464,4592,7.3,16.3,0.347
Kedah,Pokok Sena,2019-01-01,5046,4246,7.3,8.6,0.303
Kedah,Pokok Sena,2022-01-01,5494,4668,7.2,9.2,0.31
Kedah,Pokok Sena,2024-01-01,5736,5163,7.2,6.3,0.27
Kedah,Sik,2019-01-01,4960,4094,7.6,8.9,0.32
Kedah,Sik,2022-01-01,5053,3703,4.0,9.4,0.333
Kedah,Sik,2024-01-01,5107,4438,8.7,14.3,0.325
Kedah,Yan,2019-01-01,4397,3502,12.7,24.1,0.369
Kedah,Yan,2022-01-01,4637,4080,6.0,12.4,0.291
Kedah,Yan,2024-01-01,5272,4695,7.4,13.6,0.293
Kelantan,Bachok,2019-01-01,4728,3621,13.1,10.7,0.361
Kelantan,Bachok,2022-01-01,4811,3625,12.1,10.4,0.374
Kelantan,Bachok,2024-01-01,5149,4187,11.3,12.1,0.349
Kelantan,Gua Musang,2019-01-01,4009,2942,17.2,16.3,0.367
Kelantan,Gua Musang,2022-01-01,4473,3342,18.5,12.0,0.36
Kelantan,Gua Musang,2024-01-01,4684,3871,16.3,7.5,0.302
Kelantan,Jeli,2019-01-01,3872,2943,18.5,9.6,0.328
Kelantan,Jeli,2022-01-01,3735,2906,11.3,17.9,0.35
Kelantan,Jeli,2024-01-01,3829,3008,10.1,19.3,0.315
Kelantan,Kecil Lojing,2019-01-01,3002,3138,33.3,11.1,0.233
Kelantan,Kecil Lojing,2022-01-01,3153,2630,43.8,43.8,0.365
Kelantan,Kecil Lojing,2024-01-01,3511,3385,20.0,6.7,0.218
Kelantan,Kota Bharu,2019-01-01,5577,4171,9.1,7.5,0.381
Kelantan,Kota Bharu,2022-01-01,5693,4330,10.5,7.5,0.384
Kelantan,Kota Bharu,2024-01-01,6180,4729,9.9,6.7,0.361
Kelantan,Kuala Krai,2019-01-01,3979,2896,22.4,17.3,0.382
Kelantan,Kuala Krai,2022-01-01,3798,2763,22.4,30.6,0.399
Kelantan,Kuala Krai,2024-01-01,3872,2994,20.2,22.8,0.342
Kelantan,Machang,2019-01-01,4841,3708,7.1,8.8,0.352
Kelantan,Machang,2022-01-01,4987,3429,12.0,14.6,0.414
Kelantan,Machang,2024-01-01,5237,4156,7.3,10.9,0.331
Kelantan,Pasir Mas,2019-01-01,4745,3341,13.1,9.5,0.381
Kelantan,Pasir Mas,2022-01-01,4602,3508,9.0,10.9,0.362
Kelantan,Pasir Mas,2024-01-01,4975,3591,8.6,11.4,0.365
Kelantan,Pasir Puteh,2019-01-01,4688,3458,12.7,12.1,0.386
Kelantan,Pasir Puteh,2022-01-01,4712,3453,15.9,12.3,0.378
Kelantan,Pasir Puteh,2024-01-01,5070,4853,11.1,17.6,0.302
Kelantan,Tanah Merah,2019-01-01,4338,3166,12.0,8.9,0.346
Kelantan,Tanah Merah,2022-01-01,4177,2991,17.9,14.7,0.377
Kelantan,Tanah Merah,2024-01-01,4922,3638,14.9,11.6,0.363
Kelantan,Tumpat,2019-01-01,4838,3500,12.5,8.7,0.374
Kelantan,Tumpat,2022-01-01,4741,3749,13.5,11.2,0.367
Kelantan,Tumpat,2024-01-01,4991,3904,12.7,8.0,0.334
Melaka,Alor Gajah,2019-01-01,7050,5907,3.8,18.8,0.356
Melaka,Alor Gajah,2022-01-01,7235,5611,4.8,14.1,0.343
Melaka,Alor Gajah,2024-01-01,7855,6308,4.5,11.4,0.327
Melaka,Jasin,2019-01-01,7340,5640,3.0,17.4,0.386
Melaka,Jasin,2022-01-01,7145,5895,5.5,16.0,0.332
Melaka,Jasin,2024-01-01,7755,6401,1.1,10.0,0.298
Melaka,Melaka Tengah,2019-01-01,8100,6250,4.2,16.2,0.389
Melaka,Melaka Tengah,2022-01-01,8593,6557,3.7,12.2,0.383
Melaka,Melaka Tengah,2024-01-01,9232,7415,2.8,10.0,0.373
Negeri Sembilan,Jelebu,2019-01-01,5414,3976,5.2,18.4,0.379
Negeri Sembilan,Jelebu,2022-01-01,4445,3636,7.3,29.9,0.326
Negeri Sembilan,Jelebu,2024-01-01,4664,3713,6.4,27.5,0.313
Negeri Sembilan,Jempol,2019-01-01,4926,3676,6.2,14.4,0.344
Negeri Sembilan,Jempol,2022-01-01,4848,3830,8.0,21.8,0.331
Negeri Sembilan,Jempol,2024-01-01,5777,4291,7.1,21.4,0.364
Negeri Sembilan,Kuala Pilah,2019-01-01,5040,3587,8.3,23.0,0.366
Negeri Sembilan,Kuala Pilah,2022-01-01,4509,3471,6.8,31.5,0.346
Negeri Sembilan,Kuala Pilah,2024-01-01,4888,3996,6.2,27.8,0.324
Negeri Sembilan,Port Dickson,2019-01-01,6393,4959,4.3,10.0,0.378
Negeri Sembilan,Port Dickson,2022-01-01,6054,4805,4.9,13.8,0.345
Negeri Sembilan,Port Dickson,2024-01-01,6280,5342,4.4,16.7,0.324
Negeri Sembilan,Rembau,2019-01-01,5163,4135,5.7,20.8,0.362
Negeri Sembilan,Rembau,2022-01-01,5544,4655,3.0,19.0,0.344
Negeri Sembilan,Rembau,2024-01-01,5723,4894,2.6,19.9,0.339
Negeri Sembilan,Seremban,2019-01-01,7611,5599,3.2,7.9,0.386
Negeri Sembilan,Seremban,2022-01-01,7900,6384,3.0,7.5,0.354
Negeri Sembilan,Seremban,2024-01-01,8395,6472,2.8,6.2,0.368
Negeri Sembilan,Tampin,2019-01-01,5786,4332,4.8,18.6,0.386
Negeri Sembilan,Tampin,2022-01-01,5097,4012,7.3,21.5,0.347
Negeri Sembilan,Tampin,2024-01-01,5715,4367,7.0,15.1,0.349
Pahang,Bentong,2019-01-01,5300,4220,3.3,3.9,0.284
Pahang,Bentong,2022-01-01,5563,4691,2.8,0.0,0.244
Pahang,Bentong,2024-01-01,6278,5015,2.0,0.3,0.286
Pahang,Bera,2019-01-01,4566,3636,2.9,8.5,0.29
Pahang,Bera,2022-01-01,4567,3866,8.5,10.0,0.256
Pahang,Bera,2024-01-01,4997,4269,9.0,18.5,0.361
Pahang,Cameron Highlands,2019-01-01,6576,5729,0.4,1.3,0.273
Pahang,Cameron Highlands,2022-01-01,6265,5221,1.9,0.0,0.272
Pahang,Cameron Highlands,2024-01-01,6895,5655,5.0,1.7,0.294
Pahang,Jerantut,2019-01-01,4452,3781,9.9,10.0,0.288
Pahang,Jerantut,2022-01-01,4537,3781,8.6,15.3,0.29
Pahang,Jerantut,2024-01-01,5220,4231,8.8,14.3,0.319
Pahang,Kuantan,2019-01-01,7071,5654,1.8,3.0,0.329
Pahang,Kuantan,2022-01-01,6938,5926,4.1,5.0,0.306
Pahang,Kuantan,2024-01-01,7008,5520,3.7,5.1,0.332
Pahang,Lipis,2019-01-01,4504,3646,5.8,8.4,0.292
Pahang,Lipis,2022-01-01,4959,4115,9.2,8.6,0.28
Pahang,Lipis,2024-01-01,5276,4611,9.2,0.8,0.237
Pahang,Maran,2019-01-01,4678,3671,6.4,8.4,0.313
Pahang,Maran,2022-01-01,5036,4319,8.8,12.1,0.288
Pahang,Maran,2024-01-01,5088,4470,7.9,7.9,0.257
Pahang,Pekan,2019-01-01,5026,4092,6.6,8.9,0.317
Pahang,Pekan,2022-01-01,4780,4053,11.6,15.4,0.303
Pahang,Pekan,2024-01-01,5098,4344,10.9,8.5,0.277
Pahang,Raub,2019-01-01,5005,3805,4.7,3.9,0.313
Pahang,Raub,2022-01-01,5445,4375,2.3,1.1,0.257
Pahang,Raub,2024-01-01,5940,4427,3.4,0.8,0.335
Pahang,Rompin,2019-01-01,4641,3579,6.7,6.3,0.295
Pahang,Rompin,2022-01-01,5103,4148,12.0,14.9,0.329
Pahang,Rompin,2024-01-01,5429,4760,8.2,3.9,0.279
Pahang,Temerloh,2019-01-01,5205,4173,6.1,10.2,0.323
Pahang,Temerloh,2022-01-01,5180,4283,6.6,8.7,0.291
Pahang,Temerloh,2024-01-01,5521,4595,6.2,13.1,0.319
Perak,Bagan Datuk,2019-01-01,5705,4503,6.4,11.0,0.364
Perak,Bagan Datuk,2022-01-01,5160,4076,12.4,19.8,0.361
Perak,Bagan Datuk,2024-01-01,5326,4134,11.5,18.6,0.361
Perak,Batang Padang,2019-01-01,5637,4067,7.1,12.6,0.394
Perak,Batang Padang,2022-01-01,5178,3953,13.3,18.1,0.37
Perak,Batang Padang,2024-01-01,5433,4339,11.5,18.5,0.354
Perak,Hilir Perak,2019-01-01,4783,3484,12.0,16.5,0.369
Perak,Hilir Perak,2022-01-01,5203,4199,14.8,22.3,0.39
Perak,Hilir Perak,2024-01-01,5599,4347,12.3,15.4,0.36
Perak,Hulu Perak,2019-01-01,4554,3532,12.9,19.2,0.354
Perak,Hulu Perak,2022-01-01,4891,3467,16.3,18.5,0.399
Perak,Hulu Perak,2024-01-01,4980,3701,13.3,11.6,0.331
Perak,Kampar,2019-01-01,4845,3821,7.0,16.7,0.359
Perak,Kampar,2022-01-01,5087,4347,4.7,10.3,0.306
Perak,Kampar,2024-01-01,5608,4538,4.5,22.4,0.37
Perak,Kerian,2019-01-01,5532,4512,6.0,8.3,0.306
Perak,Kerian,2022-01-01,5276,3996,8.7,18.9,0.364
Perak,Kerian,2024-01-01,5590,4554,7.3,9.2,0.305
Perak,Kinta,2019-01-01,6120,4556,4.9,9.9,0.4
Perak,Kinta,2022-01-01,6308,5037,3.8,9.4,0.358
Perak,Kinta,2024-01-01,6758,5136,3.8,10.0,0.391
Perak,Kuala Kangsar,2019-01-01,5156,3875,10.6,14.4,0.387
Perak,Kuala Kangsar,2022-01-01,5176,3813,13.0,17.2,0.391
Perak,Kuala Kangsar,2024-01-01,5489,3977,11.3,12.8,0.357
Perak,Larut dan Matang,2019-01-01,5364,4345,7.9,8.3,0.325
Perak,Larut dan Matang,2022-01-01,5400,4029,9.2,14.4,0.365
Perak,Manjung,2019-01-01,6137,4636,6.9,8.8,0.383
Perak,Manjung,2022-01-01,6318,5135,3.8,11.1,0.354
Perak,Manjung,2024-01-01,6612,5380,3.9,7.6,0.346
Perak,Muallim,2019-01-01,5488,3915,11.6,14.2,0.391
Perak,Muallim,2022-01-01,6122,5015,9.2,14.8,0.359
Perak,Muallim,2024-01-01,6229,4856,7.7,10.9,0.35
Perak,Perak Tengah,2019-01-01,5390,4097,10.0,14.2,0.373
Perak,Perak Tengah,2022-01-01,5956,4564,11.1,17.3,0.391
Perak,Perak Tengah,2024-01-01,6027,4685,10.2,15.9,0.354
Perak,Selama,2022-01-01,4439,3673,5.3,18.9,0.299
Perak,Selama,2024-01-01,5019,3827,10.4,11.5,0.337
Perak,Larut & Matang,2024-01-01,6024,4843,9.0,7.9,0.335
Perlis,Perlis,2019-01-01,5476,4594,3.9,12.0,0.334
Perlis,Perlis,2022-01-01,5664,4713,4.0,12.6,0.336
Pulau Pinang,Barat Daya,2019-01-01,8393,6576,1.0,10.8,0.361
Pulau Pinang,Barat Daya,2022-01-01,9254,7247,1.4,9.0,0.357
Pulau Pinang,Barat Daya,2024-01-01,10231,8919,0.4,7.5,0.368
Pulau Pinang,Seberang Perai Selatan,2019-01-01,6843,5797,2.1,15.3,0.323
Pulau Pinang,Seberang Perai Selatan,2022-01-01,7472,6231,3.1,18.2,0.36
Pulau Pinang,Seberang Perai Tengah,2019-01-01,7457,5849,2.3,16.9,0.367
Pulau Pinang,Seberang Perai Tengah,2022-01-01,8056,6220,2.4,16.6,0.377
Pulau Pinang,Seberang Perai Utara,2019-01-01,6914,5566,4.6,18.1,0.359
Pulau Pinang,Seberang Perai Utara,2022-01-01,7330,6103,3.7,18.7,0.35
Pulau Pinang,Timur Laut,2019-01-01,8493,6902,0.5,8.6,0.356
Pulau Pinang,Timur Laut,2022-01-01,8727,6714,0.7,14.5,0.38
Pulau Pinang,Timur Laut,2024-01-01,9993,7745,0.4,14.3,0.398
Pulau Pinang,S.P.Tengah,2024-01-01,8413,6892,2.8,17.4,0.346
Pulau Pinang,S.P.Utara,2024-01-01,8101,6810,3.9,18.0,0.343
Pulau Pinang,S.P. Selatan,2024-01-01,8234,6822,3.0,18.7,0.352
Sabah,Beaufort,2019-01-01,4861,3765,21.0,19.1,0.362
Sabah,Beaufort,2022-01-01,4902,4018,19.8,13.8,0.338
Sabah,Beaufort,2024-01-01,5048,4070,20.4,25.3,0.373
Sabah,Beluran,2019-01-01,3907,2849,45.0,33.3,0.385
Sabah,Beluran,2022-01-01,4501,3131,37.7,29.1,0.399
Sabah,Beluran,2024-01-01,4993,4436,33.0,17.0,0.314
Sabah,Kalabakan,2022-01-01,4938,3931,33.3,21.8,0.368
Sabah,Kalabakan,2024-01-01,5174,3304,26.8,35.5,0.447
Sabah,Keningau,2019-01-01,5445,4097,17.1,10.9,0.369
Sabah,Keningau,2022-01-01,5979,4502,18.8,10.3,0.36
Sabah,Keningau,2024-01-01,6033,4801,12.8,11.5,0.322
Sabah,Kinabatangan,2019-01-01,5128,4102,32.1,19.1,0.378
Sabah,Kinabatangan,2022-01-01,5543,4162,28.9,18.2,0.392
Sabah,Kinabatangan,2024-01-01,5632,4897,26.7,10.4,0.308
Sabah,Kota Belud,2019-01-01,4382,3025,34.0,31.1,0.412
Sabah,Kota Belud,2022-01-01,4949,3429,27.8,29.8,0.425
Sabah,Kota Belud,2024-01-01,5007,3512,26.1,17.0,0.361
Sabah,Kota Kinabalu,2019-01-01,7665,6004,7.5,5.1,0.382
Sabah,Kota Kinabalu,2022-01-01,8388,5957,10.3,8.0,0.431
Sabah,Kota Kinabalu,2024-01-01,8715,5896,12.0,7.7,0.426
Sabah,Kota Marudu,2019-01-01,3771,2425,46.1,42.3,0.43
Sabah,Kota Marudu,2022-01-01,4031,2677,49.9,38.4,0.419
Sabah,Kota Marudu,2024-01-01,4685,2877,40.0,38.8,0.421
Sabah,Kuala Penyu,2019-01-01,4275,2949,29.7,20.0,0.377
Sabah,Kuala Penyu,2022-01-01,4311,3487,17.6,20.6,0.324
Sabah,Kuala Penyu,2024-01-01,4750,3733,14.3,30.4,0.375
Sabah,Kudat,2019-01-01,3966,2592,41.5,36.5,0.427
Sabah,Kudat,2022-01-01,4049,2994,34.7,32.5,0.369
Sabah,Kudat,2024-01-01,4571,3249,35.3,32.3,0.385
Sabah,Kunak,2019-01-01,5194,3723,26.0,13.5,0.392
Sabah,Kunak,2022-01-01,5838,4480,25.4,13.9,0.352
Sabah,Kunak,2024-01-01,6608,4539,29.2,26.1,0.484
Sabah,Lahad Datu,2019-01-01,5681,4186,19.3,9.0,0.369
Sabah,Lahad Datu,2022-01-01,5995,4457,23.5,14.6,0.388
Sabah,Lahad Datu,2024-01-01,6557,5526,13.6,3.4,0.286
Sabah,Nabawan,2019-01-01,4443,3613,35.6,12.7,0.299
Sabah,Nabawan,2022-01-01,5016,4110,27.1,10.4,0.311
Sabah,Nabawan,2024-01-01,5146,4361,25.4,15.9,0.314
Sabah,Papar,2019-01-01,5733,4571,12.7,10.8,0.355
Sabah,Papar,2022-01-01,5980,4871,16.2,10.5,0.341
Sabah,Papar,2024-01-01,6038,5177,12.0,9.0,0.313
Sabah,Penampang,2019-01-01,6570,5493,4.4,4.0,0.321
Sabah,Penampang,2022-01-01,7491,6265,6.7,5.6,0.33
Sabah,Penampang,2024-01-01,7550,6090,5.7,5.9,0.348
Sabah,Pitas,2019-01-01,3378,1999,53.6,56.6,0.458
Sabah,Pitas,2022-01-01,3406,2329,52.7,46.7,0.386
Sabah,Pitas,2024-01-01,4121,2785,50.0,44.6,0.411
Sabah,Putatan,2019-01-01,6471,5119,10.9,8.8,0.357
Sabah,Putatan,2022-01-01,7110,5699,12.9,7.9,0.351
Sabah,Putatan,2024-01-01,7377,6563,6.9,3.4,0.289
Sabah,Ranau,2019-01-01,4756,3571,26.8,21.3,0.397
Sabah,Ranau,2022-01-01,5270,4058,25.4,21.1,0.375
Sabah,Ranau,2024-01-01,5330,3470,23.5,27.9,0.441
Sabah,Sandakan,2019-01-01,6020,4680,18.2,11.5,0.386
Sabah,Sandakan,2022-01-01,6030,4828,17.7,10.0,0.347
Sabah,Sandakan,2024-01-01,6648,5314,15.2,12.0,0.355
Sabah,Semporna,2019-01-01,5933,3542,31.5,18.0,0.474
Sabah,Semporna,2022-01-01,5098,4093,28.0,16.9,0.341
Sabah,Semporna,2024-01-01,5604,4059,30.4,24.0,0.411
Sabah,Sipitang,2019-01-01,5271,3944,10.5,6.2,0.347
Sabah,Sipitang,2022-01-01,5479,4182,22.1,15.1,0.36
Sabah,Sipitang,2024-01-01,5548,4606,15.3,9.0,0.306
Sabah,Tambunan,2019-01-01,4826,3581,16.7,19.1,0.378
Sabah,Tambunan,2022-01-01,5113,4055,9.0,13.5,0.337
Sabah,Tambunan,2024-01-01,5361,4854,8.3,13.9,0.3
Sabah,Tawau,2019-01-01,6212,4427,14.2,9.0,0.387
Sabah,Tawau,2022-01-01,6315,4783,14.4,12.5,0.388
Sabah,Tawau,2024-01-01,6751,4852,13.2,13.0,0.389
Sabah,Telupid,2019-01-01,4762,2757,40.7,35.5,0.447
Sabah,Telupid,2022-01-01,4819,3953,20.8,16.7,0.321
Sabah,Telupid,2024-01-01,4877,4489,22.0,12.2,0.267
Sabah,Tenom,2019-01-01,4734,3525,17.2,11.3,0.347
Sabah,Tenom,2022-01-01,5217,4045,15.8,12.4,0.336
Sabah,Tenom,2024-01-01,5410,4161,12.1,17.7,0.336
Sabah,Tongod,2019-01-01,3364,2197,56.6,49.1,0.422
Sabah,Tongod,2022-01-01,4019,2856,50.8,23.7,0.347
Sabah,Tongod,2024-01-01,4090,3470,41.5,28.0,0.344
Sabah,Tuaran,2019-01-01,5050,3736,16.7,16.5,0.383
Sabah,Tuaran,2022-01-01,5166,3921,25.8,19.2,0.366
Sabah,Tuaran,2024-01-01,5388,4277,23.7,13.9,0.342
Sabah,Membakut,2024-01-01,4997,4037,27.4,21.4,0.357
Sarawak,Asajaya,2019-01-01,4316,3101,20.0,28.4,0.383
Sarawak,Asajaya,2022-01-01,4557,3929,17.9,19.9,0.301
Sarawak,Asajaya,2024-01-01,5165,4447,14.0,26.2,0.326
Sarawak,Bau,2019-01-01,5183,4004,9.6,13.0,0.346
Sarawak,Bau,2022-01-01,5621,4735,8.3,18.7,0.36
Sarawak,Bau,2024-01-01,5843,4885,6.2,17.8,0.327
Sarawak,Belaga,2019-01-01,4229,3442,6.9,21.4,0.334
Sarawak,Belaga,2022-01-01,4239,3587,19.5,28.1,0.33
Sarawak,Belaga,2024-01-01,4903,3977,13.6,27.3,0.313
Sarawak,Beluru,2019-01-01,4119,3104,12.0,22.2,0.353
Sarawak,Beluru,2022-01-01,4873,4164,13.7,18.9,0.302
Sarawak,Beluru,2024-01-01,4927,4346,10.1,11.6,0.238
Sarawak,Betong,2019-01-01,3962,2782,22.4,31.3,0.374
Sarawak,Betong,2022-01-01,4422,3685,9.8,21.3,0.305
Sarawak,Betong,2024-01-01,4572,4074,7.6,23.9,0.269
Sarawak,Bintulu,2019-01-01,8324,7380,2.1,2.6,0.322
Sarawak,Bintulu,2022-01-01,9645,8567,3.5,1.9,0.318
Sarawak,Bintulu,2024-01-01,10480,8317,3.7,3.2,0.369
Sarawak,Bukit Mabong,2019-01-01,4665,3829,28.7,21.6,0.348
Sarawak,Bukit Mabong,2022-01-01,3509,2948,8.2,39.2,0.297
Sarawak,Bukit Mabong,2024-01-01,3783,2589,6.3,54.2,0.333
Sarawak,Dalat,2019-01-01,4790,3486,11.9,20.5,0.389
Sarawak,Dalat,2022-01-01,4841,4057,11.1,19.0,0.315
Sarawak,Dalat,2024-01-01,5416,4614,10.1,31.9,0.355
Sarawak,Daro,2019-01-01,3712,3054,18.5,25.8,0.32
Sarawak,Daro,2022-01-01,4368,3373,32.5,34.5,0.389
Sarawak,Daro,2024-01-01,4913,3806,26.8,27.7,0.326
Sarawak,Julau,2019-01-01,3506,2488,13.0,43.2,0.401
Sarawak,Julau,2022-01-01,3548,2652,31.2,46.8,0.374
Sarawak,Julau,2024-01-01,4363,3264,26.6,38.0,0.36
Sarawak,Kabong,2019-01-01,3294,2945,16.1,32.7,0.282
Sarawak,Kabong,2022-01-01,4002,3500,8.6,26.9,0.314
Sarawak,Kabong,2024-01-01,4136,3407,4.5,34.1,0.289
Sarawak,Kanowit,2019-01-01,3480,2670,21.9,41.8,0.387
Sarawak,Kanowit,2022-01-01,3711,2648,24.9,45.7,0.386
Sarawak,Kanowit,2024-01-01,4549,3511,21.8,33.3,0.343
Sarawak,Kapit,2019-01-01,4344,3261,3.8,18.2,0.336
Sarawak,Kapit,2022-01-01,4053,2902,20.6,37.9,0.366
Sarawak,Kapit,2024-01-01,4326,3259,15.5,36.2,0.346
Sarawak,Kuching,2019-01-01,7376,5740,5.6,7.4,0.374
Sarawak,Kuching,2022-01-01,7588,5968,9.1,10.1,0.376
Sarawak,Kuching,2024-01-01,8237,6741,7.7,7.9,0.349
Sarawak,Lawas,2019-01-01,5288,4044,14.4,16.1,0.384
Sarawak,Lawas,2022-01-01,4476,3183,18.1,33.7,0.406
Sarawak,Lawas,2024-01-01,5050,3929,14.6,28.1,0.35
Sarawak,Limbang,2019-01-01,5989,4628,11.0,16.2,0.382
Sarawak,Limbang,2022-01-01,5148,4023,14.6,20.5,0.351
Sarawak,Limbang,2024-01-01,5202,4060,14.4,31.1,0.385
Sarawak,Lubok Antu,2019-01-01,3905,2853,7.9,32.1,0.365
Sarawak,Lubok Antu,2022-01-01,4129,3548,14.8,32.7,0.352
Sarawak,Lundu,2019-01-01,4428,3409,10.2,25.0,0.359
Sarawak,Lundu,2022-01-01,4935,3692,13.1,23.2,0.352
Sarawak,Lundu,2024-01-01,5170,3918,12.9,26.9,0.345
Sarawak,Maradong,2019-01-01,4091,3021,12.7,32.4,0.375
Sarawak,Maradong,2022-01-01,4117,3259,19.5,36.4,0.362
Sarawak,Maradong,2024-01-01,4208,3472,16.9,37.2,0.303
Sarawak,Marudi,2019-01-01,4605,3382,16.9,26.1,0.378
Sarawak,Marudi,2022-01-01,5373,4234,12.9,20.6,0.361
Sarawak,Marudi,2024-01-01,5430,4519,4.4,17.7,0.309
Sarawak,Matu,2019-01-01,3901,2776,24.1,35.3,0.383
Sarawak,Matu,2022-01-01,4362,3354,20.8,30.8,0.369
Sarawak,Matu,2024-01-01,4417,3891,9.1,27.3,0.308
Sarawak,Miri,2019-01-01,7235,5763,4.7,6.0,0.353
Sarawak,Miri,2022-01-01,7932,6449,6.3,6.0,0.342
Sarawak,Miri,2024-01-01,8166,6600,3.8,3.5,0.307
Sarawak,Mukah,2019-01-01,5447,4238,10.4,16.8,0.367
Sarawak,Mukah,2022-01-01,5962,4623,14.0,21.4,0.386
Sarawak,Mukah,2024-01-01,6373,5169,11.9,18.8,0.34
Sarawak,Pakan,2019-01-01,3175,2637,21.7,38.1,0.309
Sarawak,Pakan,2022-01-01,3936,3546,17.6,29.4,0.312
Sarawak,Pakan,2024-01-01,4473,3742,14.5,30.9,0.306
Sarawak,Pusa,2019-01-01,2758,2449,23.0,44.0,0.245
Sarawak,Pusa,2022-01-01,3395,3124,17.2,28.0,0.225
Sarawak,Pusa,2024-01-01,4155,3276,14.6,42.7,0.339
Sarawak,Samarahan,2019-01-01,6789,5858,4.7,6.5,0.324
Sarawak,Samarahan,2022-01-01,7123,5953,7.9,6.7,0.324
Sarawak,Samarahan,2024-01-01,7965,6785,6.3,7.2,0.322
Sarawak,Saratok,2019-01-01,4202,3142,13.8,28.6,0.372
Sarawak,Saratok,2022-01-01,4621,3763,7.4,12.6,0.29
Sarawak,Saratok,2024-01-01,4796,3418,5.0,32.9,0.352
Sarawak,Sarikei,2019-01-01,4609,3486,9.1,25.4,0.372
Sarawak,Sarikei,2022-01-01,5440,3528,20.9,30.0,0.449
Sarawak,Sarikei,2024-01-01,5792,4675,17.8,20.5,0.355
Sarawak,Sebauh,2019-01-01,4202,3716,7.4,14.5,0.257
Sarawak,Sebauh,2022-01-01,5120,4428,4.8,16.9,0.303
Sarawak,Sebauh,2024-01-01,5726,4636,2.9,17.4,0.295
Sarawak,Selangau,2019-01-01,3588,2671,14.3,38.2,0.385
Sarawak,Selangau,2022-01-01,4128,3005,19.6,38.0,0.393
Sarawak,Selangau,2024-01-01,4688,4170,17.2,20.2,0.291
Sarawak,Serian,2019-01-01,4878,3674,16.8,20.0,0.375
Sarawak,Serian,2022-01-01,4988,4074,14.6,22.7,0.345
Sarawak,Serian,2024-01-01,5113,4082,11.8,25.5,0.326
Sarawak,Sibu,2019-01-01,6140,4809,7.3,11.0,0.365
Sarawak,Sibu,2022-01-01,6645,5248,10.2,14.8,0.374
Sarawak,Sibu,2024-01-01,6842,5737,6.3,10.1,0.32
Sarawak,Simunjan,2019-01-01,3833,2823,21.1,35.6,0.377
Sarawak,Simunjan,2022-01-01,3917,3196,17.9,33.8,0.314
Sarawak,Simunjan,2024-01-01,4246,3365,14.9,35.5,0.311
Sarawak,Song,2019-01-01,3443,2662,6.0,40.0,0.353
Sarawak,Song,2022-01-01,3477,2926,15.8,41.2,0.322
Sarawak,Song,2024-01-01,4077,3052,11.3,40.8,0.344
Sarawak,Sri Aman,2019-01-01,4621,3557,7.4,20.7,0.356
Sarawak,Sri Aman,2022-01-01,4881,3704,8.9,28.4,0.395
Sarawak,Sri Aman,2024-01-01,5349,3967,6.2,25.2,0.383
Sarawak,Subis,2019-01-01,5528,4336,7.5,10.0,0.347
Sarawak,Subis,2022-01-01,6390,5194,4.7,14.0,0.341
Sarawak,Subis,2024-01-01,6475,5531,2.4,4.7,0.274
Sarawak,Tanjung Manis,2019-01-01,3849,2944,3.4,25.0,0.345
Sarawak,Tanjung Manis,2022-01-01,4017,3300,20.7,33.7,0.334
Sarawak,Tanjung Manis,2024-01-01,4457,3837,15.4,35.9,0.303
Sarawak,Tatau,2019-01-01,5345,4638,5.0,8.7,0.291
Sarawak,Tatau,2022-01-01,5617,4787,5.9,14.1,0.303
Sarawak,Tatau,2024-01-01,5807,4409,2.6,6.5,0.308
Sarawak,Tebedu,2019-01-01,3439,2614,38.6,40.3,0.37
Sarawak,Tebedu,2022-01-01,3218,2579,26.9,44.1,0.312
Sarawak,Tebedu,2024-01-01,3375,3024,25.8,46.2,0.249
Sarawak,Telang Usan,2019-01-01,4415,3375,13.6,23.7,0.358
Sarawak,Telang Usan,2022-01-01,4692,3870,6.0,20.5,0.311
Sarawak,Telang Usan,2024-01-01,4795,4281,1.3,10.0,0.229
Sarawak,Lubok antu,2024-01-01,4820,4169,13.0,23.2,0.311
Sarawak,Gedong,2024-01-01,5013,3329,16.7,35.7,0.392
Sarawak,Sebuyau,2024-01-01,3603,2717,21.4,53.6,0.31
Sarawak,Siburan,2024-01-01,6368,5217,4.2,16.7,0.335
Sarawak,Pantu,2024-01-01,2988,2525,10.9,60.0,0.222
Sarawak,Lingga,2024-01-01,3663,2999,6.3,45.8,0.27
Selangor,Gombak,2019-01-01,11536,8501,0.4,14.5,0.402
Selangor,Gombak,2022-01-01,13523,10180,2.4,13.8,0.392
Selangor,Gombak,2024-01-01,14168,10777,2.1,9.8,0.366
Selangor,Klang,2019-01-01,9980,7888,1.7,16.6,0.378
Selangor,Klang,2022-01-01,10278,8203,2.2,20.3,0.347
Selangor,Klang,2024-01-01,10912,8837,1.0,12.0,0.299
Selangor,Kuala Langat,2019-01-01,8375,6950,2.4,19.7,0.336
Selangor,Kuala Langat,2022-01-01,11048,10093,0.3,9.4,0.277
Selangor,Kuala Langat,2024-01-01,11714,10583,0.3,2.2,0.16
Selangor,Kuala Selangor,2019-01-01,7866,5855,3.5,30.4,0.4
Selangor,Kuala Selangor,2022-01-01,9410,7644,2.8,25.2,0.346
Selangor,Kuala Selangor,2024-01-01,10584,8046,1.8,21.0,0.35
Selangor,Petaling,2019-01-01,12145,8993,1.1,14.4,0.409
Selangor,Petaling,2022-01-01,12760,9618,1.6,14.9,0.392
Selangor,Petaling,2024-01-01,14422,10688,1.0,10.8,0.387
Selangor,Sabak Bernam,2019-01-01,6042,4454,4.7,46.2,0.391
Selangor,Sabak Bernam,2022-01-01,6930,5533,5.3,42.6,0.321
Selangor,Sabak Bernam,2024-01-01,8033,6941,2.7,25.7,0.268
Selangor,Sepang,2019-01-01,12254,8937,0.7,7.9,0.397
Selangor,Sepang,2022-01-01,13673,12608,0.0,3.4,0.229
Selangor,Sepang,2024-01-01,15906,11131,0.1,1.1,0.332
Selangor,Ulu Langat,2019-01-01,10252,8361,0.6,10.5,0.338
Selangor,Ulu Langat,2022-01-01,13386,11210,0.5,7.0,0.326
Selangor,Ulu Langat,2024-01-01,13822,11404,0.1,0.3,0.219
Selangor,Ulu Selangor,2019-01-01,7598,6249,1.5,26.6,0.339
Selangor,Ulu Selangor,2022-01-01,8779,7678,1.7,23.9,0.297
Selangor,Ulu Selangor,2024-01-01,9499,8485,0.4,16.7,0.299
Terengganu,Besut,2019-01-01,5819,4527,10.1,9.5,0.332
Terengganu,Besut,2022-01-01,6285,4743,12.7,11.3,0.33
Terengganu,Besut,2024-01-01,6747,5820,13.1,14.2,0.311
Terengganu,Dungun,2019-01-01,7564,6044,5.1,6.1,0.341
Terengganu,Dungun,2022-01-01,7902,6356,2.2,2.4,0.308
Terengganu,Dungun,2024-01-01,8055,7156,4.4,12.4,0.308
Terengganu,Hulu Terengganu,2019-01-01,5363,4368,7.9,19.7,0.339
Terengganu,Hulu Terengganu,2022-01-01,5821,5090,10.8,16.2,0.293
Terengganu,Kemaman,2019-01-01,7854,6592,4.6,5.6,0.346
Terengganu,Kemaman,2022-01-01,8381,6425,4.1,5.8,0.378
Terengganu,Kemaman,2024-01-01,8973,7709,3.5,6.7,0.319
Terengganu,Kuala Nerus,2019-01-01,7647,6730,5.4,7.9,0.316
Terengganu,Kuala Nerus,2022-01-01,7983,6800,1.9,3.5,0.273
Terengganu,Kuala Nerus,2024-01-01,8385,7304,1.6,2.4,0.282
Terengganu,Kuala Terengganu,2019-01-01,6691,5614,4.4,4.8,0.298
Terengganu,Kuala Terengganu,2022-01-01,7109,5872,5.9,5.0,0.3
Terengganu,Kuala Terengganu,2024-01-01,7279,6615,4.2,9.4,0.267
Terengganu,Marang,2019-01-01,5928,5060,8.2,12.0,0.31
Terengganu,Marang,2022-01-01,6357,5291,9.0,11.8,0.325
Terengganu,Marang,2024-01-01,6807,6246,7.3,13.9,0.281
Terengganu,Setiu,2019-01-01,5600,4231,6.5,11.1,0.329
Terengganu,Setiu,2022-01-01,6030,5211,7.5,6.0,0.275
Terengganu,Setiu,2024-01-01,6359,6125,4.7,7.7,0.214
Terengganu,Hulu,2024-01-01,6360,6134,6.6,14.8,0.255
W.P. Kuala Lumpur,W.P. Kuala Lumpur,2019-01-01,13257,10549,0.2,10.6,0.35
W.P. Kuala Lumpur,W.P. Kuala Lumpur,2022-01-01,13325,10234,1.4,12.7,0.38
W.P. Labuan,W.P. Labuan,2019-01-01,8319,6726,3.1,12.9,0.333
W.P. Labuan,W.P. Labuan,2022-01-01,8250,6904,2.5,7.0,0.3
W.P. Putrajaya,W.P. Putrajaya,2019-01-01,12840,9983,0.4,12.1,0.361
W.P. Putrajaya,W.P. Putrajaya,2022-01-01,13473,10056,0.1,11.4,0.368
